<application>
  <component name="FileTypeManager" version="19">
    <extensionMap>
      <mapping pattern="META-INF" type="AUTO_DETECTED" />
      <mapping ext="jks" type="PLAIN_TEXT" />
      <mapping ext="key" type="PLAIN_TEXT" />
      <mapping ext="crt" type="PLAIN_TEXT" />
      <removed_mapping ext="apk" approved="true" type="ARCHIVE" />
      <removed_mapping ext="ignore" approved="true" type="IgnoreLang file" />
      <removed_mapping ext="psd" approved="true" type="Image" />
    </extensionMap>
  </component>
</application>