<application>
  <component name="ProjectManager">
    <defaultProject>
      <component name="PropertiesComponent"><![CDATA[{
  "keyToString": {
    "settings.editor.selected.configurable": "advanced.settings"
  }
}]]></component>
      <component name="WindowStateProjectService">
        <state x="187" y="32" width="992" height="736" key="SettingsEditor" timestamp="1711433381289">
          <screen x="0" y="32" width="1366" height="736" />
        </state>
        <state x="187" y="32" width="992" height="736" key="SettingsEditor/0.32.1366.736/1366.0.1920.1080" timestamp="1711433381289" />
      </component>
    </defaultProject>
  </component>
</application>