<application>
  <component name="Trusted.Paths">
    <option name="TRUSTED_PROJECT_PATHS">
      <map>
        <entry key="$USER_HOME$/.cache/JetBrains/IdeaIC2023.3/demo/IdeaLearningProject" value="true" />
        <entry key="$USER_HOME$/Documentos/skr-mailing" value="true" />
        <entry key="$USER_HOME$/IdeaProjects/XML_TEST" value="true" />
        <entry key="$USER_HOME$/workspace/projects/LearnJava" value="true" />
        <entry key="$USER_HOME$/workspace/projects/skr-backend-starter" value="true" />
        <entry key="$USER_HOME$/workspace/projects/skr-board/brd-services" value="true" />
        <entry key="$USER_HOME$/workspace/projects/skr-insurance-hub-api" value="true" />
        <entry key="$USER_HOME$/workspace/projects/skr-insurance-hub-reactor" value="true" />
        <entry key="$USER_HOME$/workspace/projects/skr-kerno-360/skr-360-service" value="true" />
        <entry key="$USER_HOME$/workspace/projects/skr-kernowall-services" value="true" />
        <entry key="$USER_HOME$/workspace/projects/skr-mailing" value="true" />
        <entry key="$USER_HOME$/workspace/projects/skr-mailing-rabbit" value="true" />
        <entry key="$USER_HOME$/workspace/projects/skr-patterns-backend" value="true" />
        <entry key="$USER_HOME$/workspace/projects/skr-reactor-metlife" value="true" />
        <entry key="$USER_HOME$/workspace/projects/skr-segutienda/backend" value="true" />
        <entry key="$USER_HOME$/workspace/projects/updateProducer" value="true" />
      </map>
    </option>
  </component>
  <component name="Trusted.Paths.Settings">
    <option name="TRUSTED_PATHS">
      <list>
        <option value="$USER_HOME$/workspace/projects" />
      </list>
    </option>
  </component>
</application>