<application>
  <component name="DimensionService">
    <location key="find.popup.1366.1080.1920.1080" x="2090" y="1194" />
    <location key="find.popup.0.0.1366.768" x="501" y="99" />
    <location key="find.popup.1092.0.1920.1080" x="1816" y="114" />
    <location key="find.popup.1366.0.1920.1080" x="2090" y="114" />
    <size key="GridCell.Tab.0.left.1366.1080.1920.1080" width="1854" height="451" />
    <size key="GridCell.Tab.0.center.1366.1080.1920.1080" width="1854" height="451" />
    <size key="GridCell.Tab.0.right.1366.1080.1920.1080" width="1854" height="451" />
    <size key="GridCell.Tab.0.bottom.1366.1080.1920.1080" width="1854" height="451" />
    <size key="find.popup.1366.1080.1920.1080" width="664" height="516" />
    <size key="find.popup.0.0.1366.768" width="690" height="582" />
    <size key="GridCell.Tab.0.left.0.0.1366.768" width="1300" height="221" />
    <size key="GridCell.Tab.0.center.0.0.1366.768" width="1300" height="221" />
    <size key="GridCell.Tab.0.right.0.0.1366.768" width="1300" height="221" />
    <size key="GridCell.Tab.0.bottom.0.0.1366.768" width="1300" height="221" />
    <size key="find.popup.1092.0.1920.1080" width="744" height="618" />
    <size key="find.popup.1366.0.1920.1080" width="645" height="512" />
    <size key="GridCell.Tab.0.left.0.0.1366.768@144dpi" width="1266" height="458" />
    <size key="GridCell.Tab.0.center.0.0.1366.768@144dpi" width="1266" height="458" />
    <size key="GridCell.Tab.0.right.0.0.1366.768@144dpi" width="1266" height="458" />
    <size key="GridCell.Tab.0.bottom.0.0.1366.768@144dpi" width="1266" height="458" />
  </component>
  <component name="WindowManager">
    <frame x="1366" y="32" width="1920" height="1048" extendedState="6" />
  </component>
  <component name="WindowStateApplicationService">
    <state width="705" height="141" key="ShowUsagesActions.dimensionServiceKey" timestamp="1738698539439">
      <screen x="1366" y="0" width="1920" height="1080" />
    </state>
    <state width="738" height="121" key="ShowUsagesActions.dimensionServiceKey.ideScale=110" timestamp="1737495549210">
      <screen x="1366" y="0" width="1920" height="1080" />
    </state>
    <state width="750" height="605" key="ShowUsagesActions.dimensionServiceKey.ideScale=110/0.32.1366.736" timestamp="1733415234416" />
    <state width="738" height="121" key="ShowUsagesActions.dimensionServiceKey.ideScale=110/1366.0.1920.1080/0.0.1366.768" timestamp="1737495549210" />
    <state width="715" height="121" key="ShowUsagesActions.dimensionServiceKey.ideScale=110/1366.0.1920.1080/0.32.1366.736" timestamp="1731615745255" />
    <state width="682" height="121" key="ShowUsagesActions.dimensionServiceKey.ideScale=110/1366.1080.1920.1080/0.1244.1366.768/1366.0.1920.1080" timestamp="1730922519945" />
    <state width="705" height="141" key="ShowUsagesActions.dimensionServiceKey/1366.0.1920.1080/0.0.1366.768" timestamp="1738698539438" />
  </component>
</application>